link.citation,con.taxonomy,res.taxonomy,foodweb.name
Cohen et al. (2009),Lutra lutra,Anguilla anguilla,Ythan Estuary
Cohen et al. (2009),Lutra lutra,Pholis gunnellus,Ythan Estuary
Cohen et al. (2009),Lutra lutra,Zoarces viviparus,Ythan Estuary
Cohen et al. (2009),Lutra lutra,Myoxocephalus scorpius,Ythan Estuary
Cohen et al. (2009),Lutra lutra,Salmo trutta,Ythan Estuary
Cohen et al. (2009),Phalacrocorax carbo,Anguilla anguilla,Ythan Estuary
Cohen et al. (2009),Phalacrocorax carbo,Pollachius virens,Ythan Estuary
Cohen et al. (2009),Phalacrocorax carbo,Ammodytes tobianus,Ythan Estuary
Cohen et al. (2009),Phalacrocorax carbo,Zoarces viviparus,Ythan Estuary
Cohen et al. (2009),Phalacrocorax carbo,Pomatoschistus microps,Ythan Estuary
Cohen et al. (2009),Phalacrocorax carbo,Platichthys flesus,Ythan Estuary
Cohen et al. (2009),Phalacrocorax carbo,Salmo trutta,Ythan Estuary
Cohen et al. (2009),Ardea cinerea,Anguilla anguilla,Ythan Estuary
Cohen et al. (2009),Ardea cinerea,Pollachius virens,Ythan Estuary
Cohen et al. (2009),Ardea cinerea,Ammodytes tobianus,Ythan Estuary
Cohen et al. (2009),Ardea cinerea,Pholis gunnellus,Ythan Estuary
Cohen et al. (2009),Ardea cinerea,Zoarces viviparus,Ythan Estuary
Cohen et al. (2009),Ardea cinerea,Pomatoschistus microps,Ythan Estuary
Cohen et al. (2009),Ardea cinerea,Myoxocephalus scorpius,Ythan Estuary
Cohen et al. (2009),Ardea cinerea,Platichthys flesus,Ythan Estuary
Cohen et al. (2009),Ardea cinerea,Salmo trutta,Ythan Estuary
Cohen et al. (2009),Ardea cinerea,Carcinus maenas,Ythan Estuary
Cohen et al. (2009),Cygnus olor,Enteromorpha,Ythan Estuary
Cohen et al. (2009),Tadorna tadorna,Carcinus maenas,Ythan Estuary
Cohen et al. (2009),Tadorna tadorna,Hydrobia ulvae,Ythan Estuary
Cohen et al. (2009),Tadorna tadorna,Ostracods,Ythan Estuary
Cohen et al. (2009),Tadorna tadorna,Corophium volutator,Ythan Estuary
Cohen et al. (2009),Tadorna tadorna,Nereis diversicolor,Ythan Estuary
Cohen et al. (2009),Tadorna tadorna,Littorina littorea,Ythan Estuary
Cohen et al. (2009),Tadorna tadorna,Macoma balthica,Ythan Estuary
Cohen et al. (2009),Tadorna tadorna,Mytilus edulis,Ythan Estuary
Cohen et al. (2009),Tadorna tadorna,Cerastoderma edule,Ythan Estuary
Cohen et al. (2009),Tadorna tadorna,Acarina,Ythan Estuary
Cohen et al. (2009),Tadorna tadorna,Enteromorpha,Ythan Estuary
Cohen et al. (2009),Anas penelope,Enteromorpha,Ythan Estuary
Cohen et al. (2009),Somateria mollissima,Crangon crangon,Ythan Estuary
Cohen et al. (2009),Somateria mollissima,Carcinus maenas,Ythan Estuary
Cohen et al. (2009),Somateria mollissima,Littorina littorea,Ythan Estuary
Cohen et al. (2009),Somateria mollissima,Mytilus edulis,Ythan Estuary
Cohen et al. (2009),Somateria mollissima (juvenile),Crangon crangon,Ythan Estuary
Cohen et al. (2009),Somateria mollissima (juvenile),Hydrobia ulvae,Ythan Estuary
Cohen et al. (2009),Somateria mollissima (juvenile),Corophium volutator,Ythan Estuary
Cohen et al. (2009),Somateria mollissima (juvenile),Gammarus spp.,Ythan Estuary
Cohen et al. (2009),Somateria mollissima (juvenile),Nereis diversicolor,Ythan Estuary
Cohen et al. (2009),Somateria mollissima (juvenile),Littorina littorea,Ythan Estuary
Cohen et al. (2009),Somateria mollissima (juvenile),Macoma balthica,Ythan Estuary
Cohen et al. (2009),Somateria mollissima (juvenile),Mytilus edulis,Ythan Estuary
Cohen et al. (2009),Haematopus ostralegus,Hydrobia ulvae,Ythan Estuary
Cohen et al. (2009),Haematopus ostralegus,Corophium volutator,Ythan Estuary
Cohen et al. (2009),Haematopus ostralegus,Nereis diversicolor,Ythan Estuary
Cohen et al. (2009),Haematopus ostralegus,Littorina littorea,Ythan Estuary
Cohen et al. (2009),Haematopus ostralegus,Macoma balthica,Ythan Estuary
Cohen et al. (2009),Haematopus ostralegus,Mytilus edulis,Ythan Estuary
Cohen et al. (2009),Charadrius hiaticula,Neomysis integer,Ythan Estuary
Cohen et al. (2009),Charadrius hiaticula,Gammarus spp.,Ythan Estuary
Cohen et al. (2009),Charadrius hiaticula,Nereis diversicolor,Ythan Estuary
Cohen et al. (2009),Charadrius hiaticula,Littorina littorea,Ythan Estuary
Cohen et al. (2009),Pluvialis apricaria,Hydrobia ulvae,Ythan Estuary
Cohen et al. (2009),Pluvialis apricaria,Corophium volutator,Ythan Estuary
Cohen et al. (2009),Pluvialis apricaria,Gammarus spp.,Ythan Estuary
Cohen et al. (2009),Pluvialis apricaria,Nereis diversicolor,Ythan Estuary
Cohen et al. (2009),Pluvialis apricaria,Littorina littorea,Ythan Estuary
Cohen et al. (2009),Pluvialis squatarola,Corophium volutator,Ythan Estuary
Cohen et al. (2009),Pluvialis squatarola,Nereis diversicolor,Ythan Estuary
Cohen et al. (2009),Vanellus vanellus,Hydrobia ulvae,Ythan Estuary
Cohen et al. (2009),Vanellus vanellus,Nereis diversicolor,Ythan Estuary
Cohen et al. (2009),Vanellus vanellus,Macoma balthica,Ythan Estuary
Cohen et al. (2009),Calidris alpina,Corophium volutator,Ythan Estuary
Cohen et al. (2009),Calidris alpina,Nereis diversicolor,Ythan Estuary
Cohen et al. (2009),Limosa lapponica,Nereis diversicolor,Ythan Estuary
Cohen et al. (2009),Numenius arquata,Carcinus maenas,Ythan Estuary
Cohen et al. (2009),Numenius arquata,Hydrobia ulvae,Ythan Estuary
Cohen et al. (2009),Numenius arquata,Nereis diversicolor,Ythan Estuary
Cohen et al. (2009),Numenius arquata,Littorina littorea,Ythan Estuary
Cohen et al. (2009),Tringa totanus,Crangon crangon,Ythan Estuary
Cohen et al. (2009),Tringa totanus,Carcinus maenas,Ythan Estuary
Cohen et al. (2009),Tringa totanus,Hydrobia ulvae,Ythan Estuary
Cohen et al. (2009),Tringa totanus,Ostracods,Ythan Estuary
Cohen et al. (2009),Tringa totanus,Corophium volutator,Ythan Estuary
Cohen et al. (2009),Tringa totanus,Gammarus spp.,Ythan Estuary
Cohen et al. (2009),Tringa totanus,Nereis diversicolor,Ythan Estuary
Cohen et al. (2009),Tringa totanus,Arenicola marina,Ythan Estuary
Cohen et al. (2009),Tringa totanus,Littorina saxatilis,Ythan Estuary
Cohen et al. (2009),Tringa totanus,Macoma balthica,Ythan Estuary
Cohen et al. (2009),Tringa totanus,Mytilus edulis,Ythan Estuary
Cohen et al. (2009),Tringa totanus,Chironomid larvae,Ythan Estuary
Cohen et al. (2009),Arenaria interpres,Corophium volutator,Ythan Estuary
Cohen et al. (2009),Arenaria interpres,Gammarus spp.,Ythan Estuary
Cohen et al. (2009),Arenaria interpres,Littorina littorea,Ythan Estuary
Cohen et al. (2009),Larus canus,Sprattus sprattus,Ythan Estuary
Cohen et al. (2009),Larus canus,Clupea harengus,Ythan Estuary
Cohen et al. (2009),Larus canus,Platichthys flesus,Ythan Estuary
Cohen et al. (2009),Larus canus,Carcinus maenas,Ythan Estuary
Cohen et al. (2009),Larus canus,Neomysis integer,Ythan Estuary
Cohen et al. (2009),Larus canus,Corophium volutator,Ythan Estuary
Cohen et al. (2009),Larus canus,Gammarus spp.,Ythan Estuary
Cohen et al. (2009),Larus canus,Nereis diversicolor,Ythan Estuary
Cohen et al. (2009),Larus canus,Littorina littorea,Ythan Estuary
Cohen et al. (2009),Larus ridibundus,Sprattus sprattus,Ythan Estuary
Cohen et al. (2009),Larus ridibundus,Clupea harengus,Ythan Estuary
Cohen et al. (2009),Larus ridibundus,Platichthys flesus,Ythan Estuary
Cohen et al. (2009),Larus ridibundus,Carcinus maenas,Ythan Estuary
Cohen et al. (2009),Larus ridibundus,Neomysis integer,Ythan Estuary
Cohen et al. (2009),Larus ridibundus,Corophium volutator,Ythan Estuary
Cohen et al. (2009),Larus ridibundus,Gammarus spp.,Ythan Estuary
Cohen et al. (2009),Larus ridibundus,Nereis diversicolor,Ythan Estuary
Cohen et al. (2009),Larus argentatus,Somateria mollissima (juvenile),Ythan Estuary
Cohen et al. (2009),Larus argentatus,Sprattus sprattus,Ythan Estuary
Cohen et al. (2009),Larus argentatus,Clupea harengus,Ythan Estuary
Cohen et al. (2009),Larus argentatus,Pholis gunnellus,Ythan Estuary
Cohen et al. (2009),Larus argentatus,Platichthys flesus,Ythan Estuary
Cohen et al. (2009),Larus argentatus,Salmo trutta,Ythan Estuary
Cohen et al. (2009),Larus argentatus,Carcinus maenas,Ythan Estuary
Cohen et al. (2009),Larus argentatus,Littorina littorea,Ythan Estuary
Cohen et al. (2009),Larus argentatus,Mytilus edulis,Ythan Estuary
Cohen et al. (2009),Larus argentatus,Cerastoderma edule,Ythan Estuary
Cohen et al. (2009),Larus marinus,Sprattus sprattus,Ythan Estuary
Cohen et al. (2009),Larus marinus,Clupea harengus,Ythan Estuary
Cohen et al. (2009),Larus marinus,Platichthys flesus,Ythan Estuary
Cohen et al. (2009),Larus marinus,Carcinus maenas,Ythan Estuary
Cohen et al. (2009),Larus marinus,Mytilus edulis,Ythan Estuary
Cohen et al. (2009),Larus marinus,Cerastoderma edule,Ythan Estuary
Cohen et al. (2009),Sterna Sandvicensis,Sprattus sprattus,Ythan Estuary
Cohen et al. (2009),Sterna Sandvicensis,Clupea harengus,Ythan Estuary
Cohen et al. (2009),Sterna Sandvicensis,Ammodytes tobianus,Ythan Estuary
Cohen et al. (2009),Sterna Sandvicensis,Zoarces viviparus,Ythan Estuary
Cohen et al. (2009),Sterna Sandvicensis,Platichthys flesus (juvenile),Ythan Estuary
Cohen et al. (2009),Sterna hirundo,Sprattus sprattus,Ythan Estuary
Cohen et al. (2009),Sterna hirundo,Clupea harengus,Ythan Estuary
Cohen et al. (2009),Sterna hirundo,Anguilla anguilla,Ythan Estuary
Cohen et al. (2009),Sterna hirundo,Ammodytes tobianus,Ythan Estuary
Cohen et al. (2009),Sterna hirundo,Crangon crangon,Ythan Estuary
Cohen et al. (2009),Sterna paradisaea,Sprattus sprattus,Ythan Estuary
Cohen et al. (2009),Sterna paradisaea,Clupea harengus,Ythan Estuary
Cohen et al. (2009),Sterna paradisaea,Ammodytes tobianus,Ythan Estuary
Cohen et al. (2009),Corvus frugilegus,Carcinus maenas,Ythan Estuary
Cohen et al. (2009),Corvus frugilegus,Littorina littorea,Ythan Estuary
Cohen et al. (2009),Corvus frugilegus,Littorina saxatilis,Ythan Estuary
Cohen et al. (2009),Corvus frugilegus,Macoma balthica,Ythan Estuary
Cohen et al. (2009),Corvus corone,Carcinus maenas,Ythan Estuary
Cohen et al. (2009),Corvus corone,Hydrobia ulvae,Ythan Estuary
Cohen et al. (2009),Corvus corone,Littorina saxatilis,Ythan Estuary
Cohen et al. (2009),Corvus corone,Mytilus edulis,Ythan Estuary
Cohen et al. (2009),Sprattus sprattus,Calanoid copepods,Ythan Estuary
Cohen et al. (2009),Clupea harengus,Calanoid copepods,Ythan Estuary
Cohen et al. (2009),Anguilla anguilla,Crangon crangon,Ythan Estuary
Cohen et al. (2009),Anguilla anguilla,Neomysis integer,Ythan Estuary
Cohen et al. (2009),Anguilla anguilla,Corophium volutator,Ythan Estuary
Cohen et al. (2009),Anguilla anguilla,Gammarus spp.,Ythan Estuary
Cohen et al. (2009),Anguilla anguilla,Jaera marina,Ythan Estuary
Cohen et al. (2009),Anguilla anguilla,Nereis diversicolor,Ythan Estuary
Cohen et al. (2009),Syngnathus rostellatus,Calanoid copepods,Ythan Estuary
Cohen et al. (2009),Syngnathus rostellatus,Harpacticoid copepods,Ythan Estuary
Cohen et al. (2009),Syngnathus rostellatus,Semibalanus balanoides,Ythan Estuary
Cohen et al. (2009),Pollachius virens,Pomatoschistus microps,Ythan Estuary
Cohen et al. (2009),Pollachius virens,Crangon crangon,Ythan Estuary
Cohen et al. (2009),Pollachius virens,Carcinus maenas,Ythan Estuary
Cohen et al. (2009),Pollachius virens,Ostracods,Ythan Estuary
Cohen et al. (2009),Pollachius virens,Semibalanus balanoides,Ythan Estuary
Cohen et al. (2009),Pollachius virens,Neomysis integer,Ythan Estuary
Cohen et al. (2009),Pollachius virens,Corophium volutator,Ythan Estuary
Cohen et al. (2009),Pollachius virens,Gammarus spp.,Ythan Estuary
Cohen et al. (2009),Pollachius virens,Nereis diversicolor,Ythan Estuary
Cohen et al. (2009),Ciliata mustela,Carcinus maenas,Ythan Estuary
Cohen et al. (2009),Ciliata mustela,Gammarus spp.,Ythan Estuary
Cohen et al. (2009),Ammodytes tobianus,Hydrobia ulvae,Ythan Estuary
Cohen et al. (2009),Ammodytes tobianus,Calanoid copepods,Ythan Estuary
Cohen et al. (2009),Ammodytes tobianus,Harpacticoid copepods,Ythan Estuary
Cohen et al. (2009),Ammodytes tobianus,Semibalanus balanoides,Ythan Estuary
Cohen et al. (2009),Ammodytes tobianus,Neomysis integer,Ythan Estuary
Cohen et al. (2009),Ammodytes tobianus,Gammarus spp.,Ythan Estuary
Cohen et al. (2009),Ammodytes tobianus,Jaera marina,Ythan Estuary
Cohen et al. (2009),Ammodytes tobianus,Pygospio elegans,Ythan Estuary
Cohen et al. (2009),Ammodytes tobianus,Mytilus edulis,Ythan Estuary
Cohen et al. (2009),Pholis gunnellus,Crangon crangon,Ythan Estuary
Cohen et al. (2009),Pholis gunnellus,Carcinus maenas,Ythan Estuary
Cohen et al. (2009),Pholis gunnellus,Ostracods,Ythan Estuary
Cohen et al. (2009),Pholis gunnellus,Harpacticoid copepods,Ythan Estuary
Cohen et al. (2009),Pholis gunnellus,Semibalanus balanoides,Ythan Estuary
Cohen et al. (2009),Pholis gunnellus,Neomysis integer,Ythan Estuary
Cohen et al. (2009),Pholis gunnellus,Corophium volutator,Ythan Estuary
Cohen et al. (2009),Pholis gunnellus,Gammarus spp.,Ythan Estuary
Cohen et al. (2009),Pholis gunnellus,Jaera marina,Ythan Estuary
Cohen et al. (2009),Pholis gunnellus,Nematodes,Ythan Estuary
Cohen et al. (2009),Pholis gunnellus,Nereis diversicolor,Ythan Estuary
Cohen et al. (2009),Pholis gunnellus,Littorina saxatilis,Ythan Estuary
Cohen et al. (2009),Pholis gunnellus,Mytilus edulis,Ythan Estuary
Cohen et al. (2009),Pholis gunnellus,Chironomid larvae,Ythan Estuary
Cohen et al. (2009),Pholis gunnellus,Enteromorpha,Ythan Estuary
Cohen et al. (2009),Zoarces viviparus,Crangon crangon,Ythan Estuary
Cohen et al. (2009),Zoarces viviparus,Hydrobia ulvae,Ythan Estuary
Cohen et al. (2009),Zoarces viviparus,Ostracods,Ythan Estuary
Cohen et al. (2009),Zoarces viviparus,Harpacticoid copepods,Ythan Estuary
Cohen et al. (2009),Zoarces viviparus,Semibalanus balanoides,Ythan Estuary
Cohen et al. (2009),Zoarces viviparus,Corophium volutator,Ythan Estuary
Cohen et al. (2009),Zoarces viviparus,Gammarus spp.,Ythan Estuary
Cohen et al. (2009),Zoarces viviparus,Jaera marina,Ythan Estuary
Cohen et al. (2009),Zoarces viviparus,Nereis diversicolor,Ythan Estuary
Cohen et al. (2009),Zoarces viviparus,Pygospio elegans,Ythan Estuary
Cohen et al. (2009),Zoarces viviparus,Capitellidae,Ythan Estuary
Cohen et al. (2009),Zoarces viviparus,Mytilus edulis,Ythan Estuary
Cohen et al. (2009),Zoarces viviparus,Foraminifera,Ythan Estuary
Cohen et al. (2009),Pomatoschistus minutus,Crangon crangon,Ythan Estuary
Cohen et al. (2009),Pomatoschistus minutus,Hyale nilssoni,Ythan Estuary
Cohen et al. (2009),Pomatoschistus minutus,Carcinus maenas,Ythan Estuary
Cohen et al. (2009),Pomatoschistus minutus,Hydrobia ulvae,Ythan Estuary
Cohen et al. (2009),Pomatoschistus minutus,Harpacticoid copepods,Ythan Estuary
Cohen et al. (2009),Pomatoschistus minutus,Neomysis integer,Ythan Estuary
Cohen et al. (2009),Pomatoschistus minutus,Corophium volutator,Ythan Estuary
Cohen et al. (2009),Pomatoschistus minutus,Gammarus spp.,Ythan Estuary
Cohen et al. (2009),Pomatoschistus minutus,Jaera marina,Ythan Estuary
Cohen et al. (2009),Pomatoschistus minutus,Nereis diversicolor,Ythan Estuary
Cohen et al. (2009),Pomatoschistus minutus,Pygospio elegans,Ythan Estuary
Cohen et al. (2009),Pomatoschistus minutus,Tubificoides benedeni,Ythan Estuary
Cohen et al. (2009),Pomatoschistus minutus,Mytilus edulis,Ythan Estuary
Cohen et al. (2009),Pomatoschistus minutus,Chironomid larvae,Ythan Estuary
Cohen et al. (2009),Pomatoschistus minutus,Foraminifera,Ythan Estuary
Cohen et al. (2009),Pomatoschistus microps,Pomatoschistus minutus,Ythan Estuary
Cohen et al. (2009),Pomatoschistus microps,Pomatoschistus microps,Ythan Estuary
Cohen et al. (2009),Pomatoschistus microps,Crangon crangon,Ythan Estuary
Cohen et al. (2009),Pomatoschistus microps,Hyale nilssoni,Ythan Estuary
Cohen et al. (2009),Pomatoschistus microps,Carcinus maenas,Ythan Estuary
Cohen et al. (2009),Pomatoschistus microps,Hydrobia ulvae,Ythan Estuary
Cohen et al. (2009),Pomatoschistus microps,Harpacticoid copepods,Ythan Estuary
Cohen et al. (2009),Pomatoschistus microps,Semibalanus balanoides,Ythan Estuary
Cohen et al. (2009),Pomatoschistus microps,Neomysis integer,Ythan Estuary
Cohen et al. (2009),Pomatoschistus microps,Corophium volutator,Ythan Estuary
Cohen et al. (2009),Pomatoschistus microps,Gammarus spp.,Ythan Estuary
Cohen et al. (2009),Pomatoschistus microps,Jaera marina,Ythan Estuary
Cohen et al. (2009),Pomatoschistus microps,Nototropis spp.,Ythan Estuary
Cohen et al. (2009),Pomatoschistus microps,Nereis diversicolor,Ythan Estuary
Cohen et al. (2009),Pomatoschistus microps,Pygospio elegans,Ythan Estuary
Cohen et al. (2009),Pomatoschistus microps,Manayunkia aestuarina,Ythan Estuary
Cohen et al. (2009),Pomatoschistus microps,Arenicola marina,Ythan Estuary
Cohen et al. (2009),Pomatoschistus microps,Mytilus edulis,Ythan Estuary
Cohen et al. (2009),Pomatoschistus microps,Chironomid larvae,Ythan Estuary
Cohen et al. (2009),Pomatoschistus microps,Acarina,Ythan Estuary
Cohen et al. (2009),Pomatoschistus microps,Foraminifera,Ythan Estuary
Cohen et al. (2009),Myoxocephalus scorpius,Pomatoschistus microps,Ythan Estuary
Cohen et al. (2009),Myoxocephalus scorpius,Crangon crangon,Ythan Estuary
Cohen et al. (2009),Myoxocephalus scorpius,Carcinus maenas,Ythan Estuary
Cohen et al. (2009),Myoxocephalus scorpius,Calanoid copepods,Ythan Estuary
Cohen et al. (2009),Myoxocephalus scorpius,Semibalanus balanoides,Ythan Estuary
Cohen et al. (2009),Myoxocephalus scorpius,Neomysis integer,Ythan Estuary
Cohen et al. (2009),Myoxocephalus scorpius,Corophium volutator,Ythan Estuary
Cohen et al. (2009),Myoxocephalus scorpius,Gammarus spp.,Ythan Estuary
Cohen et al. (2009),Agonus cataphractus,Crangon crangon,Ythan Estuary
Cohen et al. (2009),Agonus cataphractus,Gammarus spp.,Ythan Estuary
Cohen et al. (2009),Gasterosteus aculeatus,Crangon crangon,Ythan Estuary
Cohen et al. (2009),Gasterosteus aculeatus,Calanoid copepods,Ythan Estuary
Cohen et al. (2009),Gasterosteus aculeatus,Semibalanus balanoides,Ythan Estuary
Cohen et al. (2009),Gasterosteus aculeatus,Neomysis integer,Ythan Estuary
Cohen et al. (2009),Gasterosteus aculeatus,Corophium volutator,Ythan Estuary
Cohen et al. (2009),Gasterosteus aculeatus,Gammarus spp.,Ythan Estuary
Cohen et al. (2009),Gasterosteus aculeatus,Nereis diversicolor,Ythan Estuary
Cohen et al. (2009),Pleuronectes platessa,Crangon crangon,Ythan Estuary
Cohen et al. (2009),Pleuronectes platessa,Hydrobia ulvae,Ythan Estuary
Cohen et al. (2009),Pleuronectes platessa,Harpacticoid copepods,Ythan Estuary
Cohen et al. (2009),Pleuronectes platessa,Semibalanus balanoides,Ythan Estuary
Cohen et al. (2009),Pleuronectes platessa,Neomysis integer,Ythan Estuary
Cohen et al. (2009),Pleuronectes platessa,Corophium volutator,Ythan Estuary
Cohen et al. (2009),Pleuronectes platessa,Gammarus spp.,Ythan Estuary
Cohen et al. (2009),Pleuronectes platessa,Jaera marina,Ythan Estuary
Cohen et al. (2009),Pleuronectes platessa,Nereis diversicolor,Ythan Estuary
Cohen et al. (2009),Pleuronectes platessa,Pygospio elegans,Ythan Estuary
Cohen et al. (2009),Pleuronectes platessa,Capitellidae,Ythan Estuary
Cohen et al. (2009),Pleuronectes platessa,Manayunkia aestuarina,Ythan Estuary
Cohen et al. (2009),Pleuronectes platessa,Tubificoides benedeni,Ythan Estuary
Cohen et al. (2009),Pleuronectes platessa,Mytilus edulis,Ythan Estuary
Cohen et al. (2009),Pleuronectes platessa,Cerastoderma edule,Ythan Estuary
Cohen et al. (2009),Pleuronectes platessa,Foraminifera,Ythan Estuary
Cohen et al. (2009),Platichthys flesus,Sprattus sprattus,Ythan Estuary
Cohen et al. (2009),Platichthys flesus,Clupea harengus,Ythan Estuary
Cohen et al. (2009),Platichthys flesus,Ammodytes tobianus,Ythan Estuary
Cohen et al. (2009),Platichthys flesus,Pomatoschistus microps,Ythan Estuary
Cohen et al. (2009),Platichthys flesus,Myoxocephalus scorpius,Ythan Estuary
Cohen et al. (2009),Platichthys flesus,Pleuronectes platessa,Ythan Estuary
Cohen et al. (2009),Platichthys flesus,Platichthys flesus,Ythan Estuary
Cohen et al. (2009),Platichthys flesus,Crangon crangon,Ythan Estuary
Cohen et al. (2009),Platichthys flesus,Carcinus maenas,Ythan Estuary
Cohen et al. (2009),Platichthys flesus,Hydrobia ulvae,Ythan Estuary
Cohen et al. (2009),Platichthys flesus,Harpacticoid copepods,Ythan Estuary
Cohen et al. (2009),Platichthys flesus,Semibalanus balanoides,Ythan Estuary
Cohen et al. (2009),Platichthys flesus,Neomysis integer,Ythan Estuary
Cohen et al. (2009),Platichthys flesus,Mya arenaria,Ythan Estuary
Cohen et al. (2009),Platichthys flesus,Talitrus saltator,Ythan Estuary
Cohen et al. (2009),Platichthys flesus,Corophium volutator,Ythan Estuary
Cohen et al. (2009),Platichthys flesus,Bathyporeia pilosa,Ythan Estuary
Cohen et al. (2009),Platichthys flesus,Gammarus spp.,Ythan Estuary
Cohen et al. (2009),Platichthys flesus,Idotea emarginata,Ythan Estuary
Cohen et al. (2009),Platichthys flesus,Eurydice pulchra,Ythan Estuary
Cohen et al. (2009),Platichthys flesus,Nereis virens,Ythan Estuary
Cohen et al. (2009),Platichthys flesus,Nereis diversicolor,Ythan Estuary
Cohen et al. (2009),Platichthys flesus,Hesionidae,Ythan Estuary
Cohen et al. (2009),Platichthys flesus,Parathemisto spp.,Ythan Estuary
Cohen et al. (2009),Platichthys flesus,Phyllodoce,Ythan Estuary
Cohen et al. (2009),Platichthys flesus,Eteone,Ythan Estuary
Cohen et al. (2009),Platichthys flesus,Pygospio elegans,Ythan Estuary
Cohen et al. (2009),Platichthys flesus,Capitellidae,Ythan Estuary
Cohen et al. (2009),Platichthys flesus,Manayunkia aestuarina,Ythan Estuary
Cohen et al. (2009),Platichthys flesus,Aricia spp.,Ythan Estuary
Cohen et al. (2009),Platichthys flesus,Arenicola marina,Ythan Estuary
Cohen et al. (2009),Platichthys flesus,Tubificoides benedeni,Ythan Estuary
Cohen et al. (2009),Platichthys flesus,Tubifex costatus,Ythan Estuary
Cohen et al. (2009),Platichthys flesus,Littorina littorea,Ythan Estuary
Cohen et al. (2009),Platichthys flesus,Alderia modesta,Ythan Estuary
Cohen et al. (2009),Platichthys flesus,Retusa obtusa,Ythan Estuary
Cohen et al. (2009),Platichthys flesus,Macoma balthica,Ythan Estuary
Cohen et al. (2009),Platichthys flesus,Mytilus edulis,Ythan Estuary
Cohen et al. (2009),Platichthys flesus,Cerastoderma edule,Ythan Estuary
Cohen et al. (2009),Platichthys flesus,Chironomid larvae,Ythan Estuary
Cohen et al. (2009),Platichthys flesus,Diptera larvae/pupae,Ythan Estuary
Cohen et al. (2009),Platichthys flesus,Enteromorpha,Ythan Estuary
Cohen et al. (2009),Platichthys flesus (juvenile),Crangon crangon,Ythan Estuary
Cohen et al. (2009),Platichthys flesus (juvenile),Carcinus maenas,Ythan Estuary
Cohen et al. (2009),Platichthys flesus (juvenile),Harpacticoid copepods,Ythan Estuary
Cohen et al. (2009),Platichthys flesus (juvenile),Semibalanus balanoides,Ythan Estuary
Cohen et al. (2009),Platichthys flesus (juvenile),Neomysis integer,Ythan Estuary
Cohen et al. (2009),Platichthys flesus (juvenile),Corophium volutator,Ythan Estuary
Cohen et al. (2009),Platichthys flesus (juvenile),Gammarus spp.,Ythan Estuary
Cohen et al. (2009),Platichthys flesus (juvenile),Jaera marina,Ythan Estuary
Cohen et al. (2009),Platichthys flesus (juvenile),Nereis diversicolor,Ythan Estuary
Cohen et al. (2009),Platichthys flesus (juvenile),Pygospio elegans,Ythan Estuary
Cohen et al. (2009),Platichthys flesus (juvenile),Manayunkia aestuarina,Ythan Estuary
Cohen et al. (2009),Platichthys flesus (juvenile),Mytilus edulis,Ythan Estuary
Cohen et al. (2009),Platichthys flesus (juvenile),Foraminifera,Ythan Estuary
Cohen et al. (2009),Salmo trutta,Crangon crangon,Ythan Estuary
Cohen et al. (2009),Salmo trutta,Calanoid copepods,Ythan Estuary
Cohen et al. (2009),Salmo trutta,Harpacticoid copepods,Ythan Estuary
Cohen et al. (2009),Salmo trutta,Semibalanus balanoides,Ythan Estuary
Cohen et al. (2009),Salmo trutta,Corophium volutator,Ythan Estuary
Cohen et al. (2009),Salmo trutta,Gammarus spp.,Ythan Estuary
Cohen et al. (2009),Salmo trutta,Nereis diversicolor,Ythan Estuary
Cohen et al. (2009),Crangon crangon,Carcinus maenas,Ythan Estuary
Cohen et al. (2009),Crangon crangon,Hydrobia ulvae,Ythan Estuary
Cohen et al. (2009),Crangon crangon,Ostracods,Ythan Estuary
Cohen et al. (2009),Crangon crangon,Harpacticoid copepods,Ythan Estuary
Cohen et al. (2009),Crangon crangon,Semibalanus balanoides,Ythan Estuary
Cohen et al. (2009),Crangon crangon,Neomysis integer,Ythan Estuary
Cohen et al. (2009),Crangon crangon,Corophium volutator,Ythan Estuary
Cohen et al. (2009),Crangon crangon,Nematodes,Ythan Estuary
Cohen et al. (2009),Crangon crangon,Diatoms,Ythan Estuary
Cohen et al. (2009),Crangon crangon,Nereis diversicolor,Ythan Estuary
Cohen et al. (2009),Crangon crangon,Pygospio elegans,Ythan Estuary
Cohen et al. (2009),Crangon crangon,Tubificoides benedeni,Ythan Estuary
Cohen et al. (2009),Crangon crangon,Mytilus edulis,Ythan Estuary
Cohen et al. (2009),Crangon crangon,Foraminifera,Ythan Estuary
Cohen et al. (2009),Hyale nilssoni,Enteromorpha,Ythan Estuary
Cohen et al. (2009),Carcinus maenas,Carcinus maenas,Ythan Estuary
Cohen et al. (2009),Carcinus maenas,Hydrobia ulvae,Ythan Estuary
Cohen et al. (2009),Carcinus maenas,Semibalanus balanoides,Ythan Estuary
Cohen et al. (2009),Carcinus maenas,Corophium volutator,Ythan Estuary
Cohen et al. (2009),Carcinus maenas,Jaera marina,Ythan Estuary
Cohen et al. (2009),Carcinus maenas,Nematodes,Ythan Estuary
Cohen et al. (2009),Carcinus maenas,Nereis virens,Ythan Estuary
Cohen et al. (2009),Carcinus maenas,Nereis diversicolor,Ythan Estuary
Cohen et al. (2009),Carcinus maenas,Fucus ceranoides,Ythan Estuary
Cohen et al. (2009),Carcinus maenas,Littorina saxatilis,Ythan Estuary
Cohen et al. (2009),Carcinus maenas,Macoma balthica,Ythan Estuary
Cohen et al. (2009),Carcinus maenas,Mytilus edulis,Ythan Estuary
Cohen et al. (2009),Carcinus maenas,Cerastoderma edule,Ythan Estuary
Cohen et al. (2009),Carcinus maenas,Enteromorpha,Ythan Estuary
Cohen et al. (2009),Hydrobia ulvae,Enteromorpha,Ythan Estuary
Cohen et al. (2009),Hydrobia ulvae,POM (detritus),Ythan Estuary
Cohen et al. (2009),Ostracods,POM (detritus),Ythan Estuary
Cohen et al. (2009),Calanoid copepods,POM (detritus),Ythan Estuary
Cohen et al. (2009),Harpacticoid copepods,POM (detritus),Ythan Estuary
Cohen et al. (2009),Semibalanus balanoides,POM (detritus),Ythan Estuary
Cohen et al. (2009),Neomysis integer,Harpacticoid copepods,Ythan Estuary
Cohen et al. (2009),Mya arenaria,POM (detritus),Ythan Estuary
Cohen et al. (2009),Talitrus saltator,POM (detritus),Ythan Estuary
Cohen et al. (2009),Corophium volutator,POM (detritus),Ythan Estuary
Cohen et al. (2009),Bathyporeia pilosa,POM (detritus),Ythan Estuary
Cohen et al. (2009),Gammarus spp.,POM (detritus),Ythan Estuary
Cohen et al. (2009),Idotea emarginata,POM (detritus),Ythan Estuary
Cohen et al. (2009),Jaera marina,POM (detritus),Ythan Estuary
Cohen et al. (2009),Eurydice pulchra,POM (detritus),Ythan Estuary
Cohen et al. (2009),Nototropis spp.,POM (detritus),Ythan Estuary
Cohen et al. (2009),Nematodes,POM (detritus),Ythan Estuary
Cohen et al. (2009),Nereis virens,Hydrobia ulvae,Ythan Estuary
Cohen et al. (2009),Nereis virens,Corophium volutator,Ythan Estuary
Cohen et al. (2009),Nereis virens,Nematodes,Ythan Estuary
Cohen et al. (2009),Nereis virens,Fucus ceranoides,Ythan Estuary
Cohen et al. (2009),Nereis virens,Enteromorpha,Ythan Estuary
Cohen et al. (2009),Nereis virens,POM (detritus),Ythan Estuary
Cohen et al. (2009),Nereis diversicolor,Hydrobia ulvae,Ythan Estuary
Cohen et al. (2009),Nereis diversicolor,Corophium volutator,Ythan Estuary
Cohen et al. (2009),Nereis diversicolor,Nematodes,Ythan Estuary
Cohen et al. (2009),Nereis diversicolor,Fucus ceranoides,Ythan Estuary
Cohen et al. (2009),Nereis diversicolor,Enteromorpha,Ythan Estuary
Cohen et al. (2009),Nereis diversicolor,POM (detritus),Ythan Estuary
Cohen et al. (2009),Hesionidae,POM (detritus),Ythan Estuary
Cohen et al. (2009),Parathemisto spp.,POM (detritus),Ythan Estuary
Cohen et al. (2009),Phyllodoce,Pygospio elegans,Ythan Estuary
Cohen et al. (2009),Eteone,Pygospio elegans,Ythan Estuary
Cohen et al. (2009),Pygospio elegans,POM (detritus),Ythan Estuary
Cohen et al. (2009),Capitellidae,POM (detritus),Ythan Estuary
Cohen et al. (2009),Manayunkia aestuarina,POM (detritus),Ythan Estuary
Cohen et al. (2009),Aricia spp.,POM (detritus),Ythan Estuary
Cohen et al. (2009),Arenicola marina,POM (detritus),Ythan Estuary
Cohen et al. (2009),Tubificoides benedeni,POM (detritus),Ythan Estuary
Cohen et al. (2009),Tubifex costatus,POM (detritus),Ythan Estuary
Cohen et al. (2009),Littorina littorea,Diatoms,Ythan Estuary
Cohen et al. (2009),Littorina littorea,Enteromorpha,Ythan Estuary
Cohen et al. (2009),Littorina littorea,POM (detritus),Ythan Estuary
Cohen et al. (2009),Littorina saxatilis,Diatoms,Ythan Estuary
Cohen et al. (2009),Littorina saxatilis,Enteromorpha,Ythan Estuary
Cohen et al. (2009),Littorina saxatilis,POM (detritus),Ythan Estuary
Cohen et al. (2009),Alderia modesta,Enteromorpha,Ythan Estuary
Cohen et al. (2009),Retusa obtusa,Hydrobia ulvae,Ythan Estuary
Cohen et al. (2009),Macoma balthica,POM (detritus),Ythan Estuary
Cohen et al. (2009),Mytilus edulis,POM (detritus),Ythan Estuary
Cohen et al. (2009),Cerastoderma edule,POM (detritus),Ythan Estuary
Cohen et al. (2009),Chironomid larvae,POM (detritus),Ythan Estuary
Cohen et al. (2009),Diptera larvae/pupae,POM (detritus),Ythan Estuary
Cohen et al. (2009),Acarina,POM (detritus),Ythan Estuary
Cohen et al. (2009),Foraminifera,POM (detritus),Ythan Estuary
